feature,consensus_rank,mean_abs_shap,sd_abs_shap,mean_signed_shap,sd_signed_shap,mean_rank,sd_rank,min_rank,max_rank,top5_fold_count,top10_fold_count,top20_fold_count,rank_fold_1,rank_fold_2,rank_fold_3,rank_fold_4,rank_fold_5,mean_abs_shap_fold_1,mean_abs_shap_fold_2,mean_abs_shap_fold_3,mean_abs_shap_fold_4,mean_abs_shap_fold_5
Age,1,0.010305221365188499,0.0003859023042438596,-7.131024485179999e-05,0.001405179849894687,1.0,0.0,1,1,5,5,5,1,1,1,1,1,0.0101167365044468,0.0105518698634937,0.0106070039104609,0.0097108408671417,0.0105396556803994
prev_ab_all_label_mean,2,0.00577419748420878,0.003140551069013083,-0.00026886579183667996,0.0032666687268073343,2.4,0.5477225575051662,2,3,5,5,5,2,2,2,3,3,0.0060884367674602,0.0093328876834566,0.0082387014031155,0.0020888033299521,0.0031221582370595
YearMonthIndex,3,0.00607505937578456,0.0008851925944662887,0.0004407577053816042,0.0007154340798676516,2.6,0.5477225575051662,2,3,5,5,5,3,3,3,2,2,0.0057204841056207,0.0057989909951427,0.0075240054601714,0.005166873013775,0.006164943304213
TestDate_year,4,0.0017957766376890199,0.00026250520157565765,9.610291496566365e-05,0.00030520211713584965,4.2,0.4472135954999579,4,5,5,5,5,4,4,4,5,4,0.0020388462637568,0.0020444732305466,0.0018532377998254,0.0015381326524204,0.0015041932418959
err_stats_mean,5,0.00148906061437126,0.0002668969203865267,0.00011252027596106997,0.00016368261173238695,5.2,0.4472135954999579,5,6,4,5,5,5,5,5,6,5,0.0019333827045465,0.0014771250897263,0.001285805500785,0.001274975956665,0.0014740138201335
acc_stats_std,6,0.00131608987194708,0.00021492908516211964,-6.352934925151645e-05,0.00025626137086919276,6.4,1.51657508881031,4,8,1,5,5,7,8,6,4,7,0.0014754270394385,0.001165148037149,0.0011258171006539,0.0016118002290862,0.0012022569534078
prev_ab_YearMonthIndex_mean,7,0.00113076236897434,0.0004291338187769825,0.0001385294309883841,0.0003403017879686462,7.2,1.3038404810405297,6,9,0,5,5,6,6,7,8,9,0.0017782864377641,0.0012834950156649,0.0010949617737456,0.0007648191811467,0.0007322494365504
prev_YearMonthIndex_mean,8,0.0011280823267536201,0.00031180701756472636,-6.803843673030164e-05,0.0003276535586117772,8.4,2.0736441353327724,6,11,0,4,5,8,10,11,7,6,0.0014562071153915,0.0009204345347062,0.0007815337448472,0.0010261054664297,0.0014561307723935
prev_YearMonthIndex_sum,9,0.00068210261221276,9.389262387226413e-05,-6.236997750856587e-05,0.00015686600465035646,10.8,1.4832396974191326,9,13,0,2,5,10,11,13,9,11,0.0008210455166441,0.0007043359565375,0.0006955255779883,0.0005902627345225,0.0005993432753714
err_stats_std,10,0.0006320366180755999,0.00017941079906362296,5.420700547061546e-05,9.075271858995718e-05,11.6,2.6076809620810595,8,14,0,2,5,14,14,12,10,8,0.0004528856940096,0.0005026003041551,0.0007254158569068,0.000584677391963,0.0008946038433435
prev_ab_all_label_sum,11,0.0008230941313825599,0.0004434508641837701,3.374699789278001e-05,0.0004375775775741168,12.6,6.348228099241551,7,23,0,3,4,9,7,10,23,14,0.0013283825025155,0.0011876932746755,0.0008183872599204,0.0002808341345782,0.0005001734852232
rt_std_stats_mean,12,0.00053843353518866,0.0002443445771562026,-2.3526010201583527e-05,5.7553741036935315e-05,14.8,4.324349662087931,8,20,0,1,5,20,15,8,15,16,0.000344542469199,0.0004638609089003,0.0009653095000641,0.0004381092309137,0.0004803455668662
rt_std_stats_std,13,0.00048565813074794,0.0002000004631633188,7.993911460793756e-05,7.40944650886874e-05,16.0,4.690415759823429,9,21,0,1,4,17,21,9,14,19,0.0004032660706488,0.000299926341815,0.0008262342301836,0.0004564764456757,0.0004423875654166
err_stats_skew,14,0.00046808579986576,0.0001435576463581943,1.953150109540377e-05,0.00011564520794265083,16.2,6.942621983083913,10,26,0,1,3,12,26,21,12,10,0.0005004878145566,0.0002481285311618,0.0004451783776581,0.000501441962614,0.0006451923133383
other_test_YearMonthIndex_mean,15,0.00046226142583989996,0.00014098620040716619,3.222693630768734e-05,0.0002540864312773317,17.0,5.0,12,24,0,0,4,13,12,20,16,24,0.0004887850397225,0.0006661186347568,0.0004478300660846,0.0004371173096158,0.0002714560790198
rt_mean_stats_mean,16,0.00044054366399166,3.042828691775311e-05,-1.1617283613972237e-05,9.01997272215745e-05,17.0,3.5355339059327378,13,22,0,0,4,15,16,19,13,22,0.0004222273729774,0.0004399908371285,0.0004769981780281,0.0004624444161277,0.0004010575156966
rt_mean_stats_skew,17,0.00044694419955909994,9.899416140070302e-05,2.622737783896872e-07,8.346862235986465e-05,17.2,0.8366600265340757,16,18,0,0,5,18,17,16,17,18,0.0004020448014472,0.0003733053036541,0.0006136493175704,0.0003853766896884,0.0004603448854354
prev_ab_YearMonthIndex_sum,18,0.0004362770141541,8.533918121278019e-05,-7.800596184703553e-05,0.00016402343712015397,17.8,3.492849839314596,13,22,0,0,4,16,13,18,22,20,0.0004041217805864,0.0005294711489764,0.0005034963861693,0.0003144050802021,0.0004298906748363
rt_mean_stats_kurt,19,0.0004329974683288,8.699121655943821e-05,-1.1403397483566514e-07,9.494688116289471e-05,17.8,4.658325879540846,11,24,0,0,4,19,18,24,11,17,0.0003826093154188,0.0003716496250836,0.0003757653750572,0.0005741240018952,0.0004608390241892
prev_all_label_mean,20,0.0005147395765388999,0.0002886751852006797,7.962923904018177e-05,0.00029631932100246275,18.2,7.823042886243179,9,27,0,1,2,11,9,23,27,21,0.0006228645214327,0.0009448108327752,0.0004282904304127,0.0001723113294085,0.0004054207686654
acc_stats_skew,21,0.00039970544618069995,0.00018750136347883844,1.808766203520025e-05,5.042401205579739e-05,20.2,5.805170109479997,14,27,0,0,3,27,25,14,20,15,0.0002270706869694,0.0002545328299041,0.0006839482493051,0.0003517114433588,0.0004812640213661
rt_mean_stats_std,22,0.0003913051188073,0.0001971243722937838,3.0938222880811796e-05,4.689213969719716e-05,20.6,7.436396977031283,13,29,0,0,3,29,28,15,18,13,0.0002224615262765,0.000187319750166,0.0006546935911025,0.0003754853547058,0.0005165653717857
acc_stats_kurt,23,0.0003593506655395,0.00011748306757507101,3.888407821015579e-06,9.107865684680341e-05,20.8,5.118593556827891,12,25,0,0,1,23,23,25,21,12,0.000284214775741,0.0002952968679716,0.0003319681496514,0.0003184638189779,0.0005668097153556
acc_stats_mean,24,0.0003247005326093,0.00010616908788148533,-4.108132237388771e-06,6.75380514102029e-05,22.4,3.361547262794322,17,26,0,0,1,26,22,17,24,23,0.0002443049498579,0.0002994441917075,0.0005096598995647,0.000267279344924,0.0003028142769924
TestDate_month,25,0.00028884098561838,5.499451518418809e-05,3.3540469345333276e-05,3.303857548468496e-05,24.6,3.4351128074635335,19,28,0,0,1,28,24,26,19,26,0.0002233818360602,0.0002944235531293,0.0003116837064069,0.0003646901852923,0.0002500256472032
err_stats_kurt,26,0.00025172750942156,4.0445633612646233e-05,1.7822763104871085e-05,4.0808874059523374e-05,25.0,3.5355339059327378,20,30,0,0,1,25,20,30,25,25,0.0002459029236823,0.0003184157600842,0.000211010056406,0.000231621890556,0.0002516869163793
other_test_Label_mean,27,0.00024106228371875018,0.00013970525580764964,-3.278826441818175e-05,0.00015489611301460588,25.8,3.63318042491699,22,30,0,0,0,22,27,22,30,28,0.0003169366093205,0.0002185197491193,0.0004395174880644,9.61642970436508e-05,0.0001341732750459
prev_all_label_sum,28,0.00021427552033341925,0.0001278220415807082,3.199477733838252e-05,0.00014285337877407715,26.2,5.805170109479997,19,32,0,0,1,21,19,29,32,30,0.0003395730653398,0.0003326942445037,0.0002329301773561,6.230327596879613e-05,0.0001038768384987
rt_std_stats_skew,29,0.00018061576990651998,3.9198080020651346e-05,2.4881909217392437e-05,1.5384418429177788e-05,28.2,1.9235384061671341,26,31,0,0,0,31,29,28,26,27,0.0001579026686462,0.0001640301037712,0.000238425273306,0.0002017061286401,0.0001410146751691
other_test_Test_id_count,30,0.0001708764581553142,0.00010587123893828365,2.4740319235155546e-05,2.3733302873030405e-05,28.4,3.0495901363953815,24,32,0,0,0,24,30,27,29,32,0.0002519355431976,0.0001111685990175,0.0003113342576599,0.0001206297293972,5.931416150437093e-05
rt_std_stats_kurt,31,0.0001469369245923889,5.0582870173109815e-05,1.375783304429695e-05,1.5105636502374424e-05,29.8,1.30384048104053,28,31,0,0,0,30,31,31,28,29,0.0002187799390803,8.677885278784448e-05,0.000158053839561,0.0001586719691762,0.0001124000223566
prev_ab_YearMonthIndex_std,32,7.097430516957746e-05,1.4517270179323003e-05,-4.774356703998936e-06,1.2718408101781527e-05,32.8,1.3038404810405297,31,34,0,0,0,34,34,32,33,31,7.823849490375073e-05,5.449377843340028e-05,9.134381144084104e-05,6.084168378506847e-05,6.995375728482678e-05
isna_sum,33,6.472769334953427e-05,2.1890029436302173e-05,3.8070858719923732e-06,1.8817739004233414e-05,33.0,1.5811388300841895,31,35,0,0,0,33,32,35,31,34,8.895476806353114e-05,7.748188755572655e-05,4.358799070008085e-05,7.405086997953764e-05,3.956295044879517e-05
prev_YearMonthIndex_std,34,5.676576986600495e-05,3.5628754909787654e-05,-1.637729957314453e-05,2.527229816444746e-05,33.6,1.51657508881031,32,36,0,0,0,32,36,33,34,33,0.000110721220889,2.939902756392207e-05,7.395012151967148e-05,2.581940862818507e-05,4.39390707292461e-05
prev_ab_all_label_std,35,3.920118035482285e-05,1.8124305308271592e-05,-1.2160633658567554e-05,2.53463959486309e-05,35.0,1.2247448713915898,33,36,0,0,0,35,33,36,36,35,4.987978292494827e-05,5.722828493340475e-05,4.347323101289157e-05,1.0203583541799656e-05,3.522101936107001e-05
other_test_YearMonthIndex_std,36,1.5584942566200822e-05,1.6653915530795037e-05,5.312576972083796e-06,1.4063855523524547e-05,36.0,1.4142135623730951,34,37,0,0,0,37,37,34,35,37,3.584882004859433e-06,4.771551090634341e-06,4.4313364229311344e-05,1.4310472496763685e-05,1.0944443009435307e-05
prev_all_label_std,37,2.6220993223801157e-05,1.866445227589305e-05,1.3324544629461987e-05,8.48163331095227e-06,36.2,0.8366600265340757,35,37,0,0,0,36,35,37,37,36,4.5448119142996246e-05,4.578386681098237e-05,1.202879164309641e-05,5.642169628690718e-06,2.220201889324004e-05
