fold,feature,mean_abs_shap,mean_signed_shap,rank
1,Age,0.0101167365044468,0.0012655833341546,1
1,prev_ab_all_label_mean,0.0060884367674602,0.0008760853063389,2
1,YearMonthIndex,0.0057204841056207,1.9647132914725528e-05,3
1,TestDate_year,0.0020388462637568,-3.742295288428212e-05,4
1,err_stats_mean,0.0019333827045465,0.0002856526629492,5
1,prev_ab_YearMonthIndex_mean,0.0017782864377641,0.0005871635541596,6
1,acc_stats_std,0.0014754270394385,0.0001588005064716,7
1,prev_YearMonthIndex_mean,0.0014562071153915,0.0004948557711856,8
1,prev_ab_all_label_sum,0.0013283825025155,0.0002344863589777,9
1,prev_YearMonthIndex_sum,0.0008210455166441,0.0001841162117774,10
1,prev_all_label_mean,0.0006228645214327,0.0002655927321711,11
1,err_stats_skew,0.0005004878145566,0.0001534827360577,12
1,other_test_YearMonthIndex_mean,0.0004887850397225,-0.0001384765255162,13
1,err_stats_std,0.0004528856940096,1.1544591629569347e-05,14
1,rt_mean_stats_mean,0.0004222273729774,0.0001319578406426,15
1,prev_ab_YearMonthIndex_sum,0.0004041217805864,0.0001454727378954,16
1,rt_std_stats_std,0.0004032660706488,0.0001627391931874,17
1,rt_mean_stats_skew,0.0004020448014472,3.384158924783259e-05,18
1,rt_mean_stats_kurt,0.0003826093154188,-6.349778771499246e-05,19
1,rt_std_stats_mean,0.000344542469199,2.835192494824299e-05,20
1,prev_all_label_sum,0.0003395730653398,0.0001561882812167,21
1,other_test_Label_mean,0.0003169366093205,-7.226392566462854e-05,22
1,acc_stats_kurt,0.000284214775741,9.242391526355142e-05,23
1,other_test_Test_id_count,0.0002519355431976,3.615465653969168e-06,24
1,err_stats_kurt,0.0002459029236823,8.512974396523367e-05,25
1,acc_stats_mean,0.0002443049498579,8.233284662405843e-05,26
1,acc_stats_skew,0.0002270706869694,3.590119290371871e-05,27
1,TestDate_month,0.0002233818360602,2.427377012956376e-06,28
1,rt_mean_stats_std,0.0002224615262765,9.389957418752068e-05,29
1,rt_std_stats_kurt,0.0002187799390803,8.882825269684337e-06,30
1,rt_std_stats_skew,0.0001579026686462,1.9431170019096188e-05,31
1,prev_YearMonthIndex_std,0.000110721220889,-5.976025702296862e-05,32
1,isna_sum,8.895476806353114e-05,-7.206181811537696e-06,33
1,prev_ab_YearMonthIndex_std,7.823849490375073e-05,9.24479360929494e-07,34
1,prev_ab_all_label_std,4.987978292494827e-05,-2.647894314262592e-06,35
1,prev_all_label_std,4.5448119142996246e-05,2.659218799655215e-05,36
1,other_test_YearMonthIndex_std,3.584882004859433e-06,3.584882004859433e-06,37
2,Age,0.0105518698634937,-0.0017694772103229,1
2,prev_ab_all_label_mean,0.0093328876834566,-0.0048847559305018,2
2,YearMonthIndex,0.0057989909951427,0.0016228768689887,3
2,TestDate_year,0.0020444732305466,0.0006054803793896,4
2,err_stats_mean,0.0014771250897263,8.324815978585864e-06,5
2,prev_ab_YearMonthIndex_mean,0.0012834950156649,6.730698126062051e-05,6
2,prev_ab_all_label_sum,0.0011876932746755,-0.0006138658428038,7
2,acc_stats_std,0.001165148037149,0.0001567145958233,8
2,prev_all_label_mean,0.0009448108327752,-0.0004332263439208,9
2,prev_YearMonthIndex_mean,0.0009204345347062,-0.0003248476205496,10
2,prev_YearMonthIndex_sum,0.0007043359565375,-6.187245018601702e-05,11
2,other_test_YearMonthIndex_mean,0.0006661186347568,-0.0002863317260341,12
2,prev_ab_YearMonthIndex_sum,0.0005294711489764,-0.0002683756505191,13
2,err_stats_std,0.0005026003041551,-3.145198950000459e-05,14
2,rt_std_stats_mean,0.0004638609089003,6.223844634678976e-06,15
2,rt_mean_stats_mean,0.0004399908371285,-1.8994785154102643e-06,16
2,rt_mean_stats_skew,0.0003733053036541,8.290640923746468e-05,17
2,rt_mean_stats_kurt,0.0003716496250836,0.0001277565206314,18
2,prev_all_label_sum,0.0003326942445037,-0.0002104348153751,19
2,err_stats_kurt,0.0003184157600842,-1.909681914439383e-05,20
2,rt_std_stats_std,0.000299926341815,-7.90663812084335e-06,21
2,acc_stats_mean,0.0002994441917075,3.385792544362101e-05,22
2,acc_stats_kurt,0.0002952968679716,6.665489618606542e-05,23
2,TestDate_month,0.0002944235531293,9.255117410657069e-06,24
2,acc_stats_skew,0.0002545328299041,2.5534144946412413e-05,25
2,err_stats_skew,0.0002481285311618,1.234116405358377e-05,26
2,other_test_Label_mean,0.0002185197491193,0.0001481746666551,27
2,rt_mean_stats_std,0.000187319750166,2.053243002499536e-05,28
2,rt_std_stats_skew,0.0001640301037712,4.6768803817838046e-05,29
2,other_test_Test_id_count,0.0001111685990175,1.3174014197997864e-05,30
2,rt_std_stats_kurt,8.677885278784448e-05,-6.914390156653532e-06,31
2,isna_sum,7.748188755572655e-05,3.347018748459226e-05,32
2,prev_ab_all_label_std,5.722828493340475e-05,-4.632201278281685e-05,33
2,prev_ab_YearMonthIndex_std,5.449377843340028e-05,7.67126599539397e-06,34
2,prev_all_label_std,4.578386681098237e-05,1.4152225892951582e-05,35
2,prev_YearMonthIndex_std,2.939902756392207e-05,-1.0625505021675902e-05,36
2,other_test_YearMonthIndex_std,4.771551090634341e-06,-3.269734146147982e-06,37
3,Age,0.0106070039104609,-0.0003851290006776,1
3,prev_ab_all_label_mean,0.0082387014031155,-0.0023245202571697,2
3,YearMonthIndex,0.0075240054601714,9.900892090419548e-05,3
3,TestDate_year,0.0018532377998254,-7.404868754929952e-05,4
3,err_stats_mean,0.001285805500785,-3.0342300920704288e-05,5
3,acc_stats_std,0.0011258171006539,-1.2701693004282334e-05,6
3,prev_ab_YearMonthIndex_mean,0.0010949617737456,0.0003829102580308,7
3,rt_std_stats_mean,0.0009653095000641,-6.583446414195873e-05,8
3,rt_std_stats_std,0.0008262342301836,0.0001376502168233,9
3,prev_ab_all_label_sum,0.0008183872599204,-0.0001993394623474,10
3,prev_YearMonthIndex_mean,0.0007815337448472,-0.0002664920263368,11
3,err_stats_std,0.0007254158569068,6.510077637129258e-05,12
3,prev_YearMonthIndex_sum,0.0006955255779883,-0.000213083894759,13
3,acc_stats_skew,0.0006839482493051,-6.897172309192537e-05,14
3,rt_mean_stats_std,0.0006546935911025,-3.3447670327964055e-05,15
3,rt_mean_stats_skew,0.0006136493175704,-0.0001286381875796,16
3,acc_stats_mean,0.0005096598995647,-8.280014226596337e-05,17
3,prev_ab_YearMonthIndex_sum,0.0005034963861693,-0.000205030839595,18
3,rt_mean_stats_mean,0.0004769981780281,-7.357826611822642e-05,19
3,other_test_YearMonthIndex_mean,0.0004478300660846,0.0003252002451257,20
3,err_stats_skew,0.0004451783776581,-0.000129197095786,21
3,other_test_Label_mean,0.0004395174880644,-0.0002616515629831,22
3,prev_all_label_mean,0.0004282904304127,0.000271488627092,23
3,rt_mean_stats_kurt,0.0003757653750572,-6.546045865487043e-05,24
3,acc_stats_kurt,0.0003319681496514,-9.229649788880789e-05,25
3,TestDate_month,0.0003116837064069,1.796615450059344e-05,26
3,other_test_Test_id_count,0.0003113342576599,6.016244936227141e-06,27
3,rt_std_stats_skew,0.000238425273306,3.072652123131804e-05,28
3,prev_all_label_sum,0.0002329301773561,0.0001053241543183,29
3,err_stats_kurt,0.000211010056406,-9.822996798160864e-06,30
3,rt_std_stats_kurt,0.000158053839561,1.7504031853320895e-05,31
3,prev_ab_YearMonthIndex_std,9.134381144084104e-05,-2.6095788067344827e-05,32
3,prev_YearMonthIndex_std,7.395012151967148e-05,6.735470523017895e-06,33
3,other_test_YearMonthIndex_std,4.4313364229311344e-05,2.5668115556720563e-05,34
3,isna_sum,4.358799070008085e-05,1.1442936440199875e-05,35
3,prev_ab_all_label_std,4.347323101289157e-05,-3.0794492287355524e-05,36
3,prev_all_label_std,1.202879164309641e-05,1.0215493036184715e-05,37
4,Age,0.0097108408671417,0.0014705425243972,1
4,YearMonthIndex,0.005166873013775,0.0005971621138985,2
4,prev_ab_all_label_mean,0.0020888033299521,0.0019606658801536,3
4,acc_stats_std,0.0016118002290862,-0.0004524194781602,4
4,TestDate_year,0.0015381326524204,0.0001435708459295,5
4,err_stats_mean,0.001274975956665,0.0002964427135498,6
4,prev_YearMonthIndex_mean,0.0010261054664297,-0.0001487844492925,7
4,prev_ab_YearMonthIndex_mean,0.0007648191811467,-0.0001285429199322,8
4,prev_YearMonthIndex_sum,0.0005902627345225,-0.0001823500671119,9
4,err_stats_std,0.000584677391963,2.134195286001995e-05,10
4,rt_mean_stats_kurt,0.0005741240018952,7.588275915320886e-05,11
4,err_stats_skew,0.000501441962614,0.0001115682245427,12
4,rt_mean_stats_mean,0.0004624444161277,-1.354662758832449e-05,13
4,rt_std_stats_std,0.0004564764456757,9.014292179862916e-05,14
4,rt_std_stats_mean,0.0004381092309137,1.643960182871914e-05,15
4,other_test_YearMonthIndex_mean,0.0004371173096158,2.42526467357367e-05,16
4,rt_mean_stats_skew,0.0003853766896884,4.6692784969525774e-05,17
4,rt_mean_stats_std,0.0003754853547058,5.278381906231815e-05,18
4,TestDate_month,0.0003646901852923,7.388799569501389e-05,19
4,acc_stats_skew,0.0003517114433588,6.140979290463867e-05,20
4,acc_stats_kurt,0.0003184638189779,4.924294765905229e-05,21
4,prev_ab_YearMonthIndex_sum,0.0003144050802021,-5.209546922416571e-05,22
4,prev_ab_all_label_sum,0.0002808341345782,0.0002720023267289,23
4,acc_stats_mean,0.000267279344924,5.397334311816933e-06,24
4,err_stats_kurt,0.000231621890556,1.6201693867886904e-05,25
4,rt_std_stats_skew,0.0002017061286401,2.256192291081326e-05,26
4,prev_all_label_mean,0.0001723113294085,8.513611409150883e-05,27
4,rt_std_stats_kurt,0.0001586719691762,3.4903787049272165e-05,28
4,other_test_Test_id_count,0.0001206297293972,5.103349683165504e-05,29
4,other_test_Label_mean,9.61642970436508e-05,6.319515331302264e-05,30
4,isna_sum,7.405086997953764e-05,-1.1729782685198376e-05,31
4,prev_all_label_sum,6.230327596879613e-05,3.157114081951991e-05,32
4,prev_ab_YearMonthIndex_std,6.084168378506847e-05,-3.1105415457114238e-06,33
4,prev_YearMonthIndex_std,2.581940862818507e-05,-9.124189958555765e-06,34
4,other_test_YearMonthIndex_std,1.4310472496763685e-05,1.1463951003734526e-05,35
4,prev_ab_all_label_std,1.0203583541799656e-05,5.715041539946697e-06,36
4,prev_all_label_std,5.642169628690718e-06,3.3025176141847958e-06,37
5,Age,0.0105396556803994,-0.0009380708718103,1
5,YearMonthIndex,0.006164943304213,-0.0001349065097981,2
5,prev_ab_all_label_mean,0.0031221582370595,0.0030281960419956,3
5,TestDate_year,0.0015041932418959,-0.0001570650100572,4
5,err_stats_mean,0.0014740138201335,2.5234882484683213e-06,5
5,prev_YearMonthIndex_mean,0.0014561307723935,-9.492385865820816e-05,6
5,acc_stats_std,0.0012022569534078,-0.000168040677388,7
5,err_stats_std,0.0008946038433435,0.0002044996959922,8
5,prev_ab_YearMonthIndex_mean,0.0007322494365504,-0.0002161907185769,9
5,err_stats_skew,0.0006451923133383,-5.053752339096494e-05,10
5,prev_YearMonthIndex_sum,0.0005993432753714,-3.865968726331229e-05,11
5,acc_stats_kurt,0.0005668097153556,-9.658322211478336e-05,12
5,rt_mean_stats_std,0.0005165653717857,2.092296145718886e-05,13
5,prev_ab_all_label_sum,0.0005001734852232,0.0004754516089085,14
5,acc_stats_skew,0.0004812640213661,3.656490251315682e-05,15
5,rt_std_stats_mean,0.0004803455668662,-0.0001028109582776,16
5,rt_mean_stats_kurt,0.0004608390241892,-7.52512032889243e-05,17
5,rt_mean_stats_skew,0.0004603448854354,-3.349122698327461e-05,18
5,rt_std_stats_std,0.0004423875654166,1.7069879351201947e-05,19
5,prev_ab_YearMonthIndex_sum,0.0004298906748363,-1.0000587792311908e-05,20
5,prev_all_label_mean,0.0004054207686654,0.0002091550657671,21
5,rt_mean_stats_mean,0.0004010575156966,-0.0001010198864905,22
5,acc_stats_mean,0.0003028142769924,-5.932862530047686e-05,23
5,other_test_YearMonthIndex_mean,0.0002714560790198,0.0002364900412273,24
5,err_stats_kurt,0.0002516869163793,1.670219363378954e-05,25
5,TestDate_month,0.0002500256472032,6.416570210744561e-05,26
5,rt_std_stats_skew,0.0001410146751691,4.921128107896653e-06,27
5,other_test_Label_mean,0.0001341732750459,-4.139565341130288e-05,28
5,rt_std_stats_kurt,0.0001124000223566,1.4412911205860884e-05,29
5,prev_all_label_sum,0.0001038768384987,7.73251257124927e-05,30
5,prev_ab_YearMonthIndex_std,6.995375728482678e-05,-3.2611992632618964e-06,31
5,other_test_Test_id_count,5.931416150437093e-05,4.986237455592851e-05,32
5,prev_YearMonthIndex_std,4.39390707292461e-05,-9.112016385540255e-06,33
5,isna_sum,3.956295044879517e-05,-6.941730068094195e-06,34
5,prev_ab_all_label_std,3.522101936107001e-05,1.3246189551650495e-05,35
5,prev_all_label_std,2.220201889324004e-05,1.2360298607436695e-05,36
5,other_test_YearMonthIndex_std,1.0944443009435307e-05,-1.0884329558747557e-05,37
